id,y
5510,100
5705,100
6204,100
5547,78.9403283
7482,63.06134716
6376,58.8197555
8288,56.54395967
5811,56.95335089
5762,53.50013813
6035,53.15735947
5531,51.87389576
6100,50.85844885
8136,50.73911905
9452,50.28620467
6830,50.0911385
6161,49.05862409
7696,49.04006588
8570,48.72272901
5824,48.24409119
9420,47.79630463
9227,45.35787114
6772,45.16883701
7959,44.98482553
8535,43.85722278
5679,43.82238986
6390,43.46780247
9041,43.4744423
9220,43.9425086
8961,43.6607236
8672,42.10074177
6136,41.88465056
8365,41.78450051
5583,40.6204036
7277,40.0789459
6931,39.96484376
6239,39.49373575
5477,38.77379605
8990,38.95571194
8607,38.96508388
6900,38.32992197
8017,37.87786461
9758,37.78504742
8191,37.68518183
6855,37.93843859
6862,37.78033431
6589,37.96035678
5727,37.37242079
9122,36.7038369
6274,36.1984345
8844,36.09808406
5423,36.57870739
7524,35.42551337
7315,34.69873563
9399,34.70076519
8167,34.86213441
6888,34.39693405
9363,34.54257106
9562,34.06418558
9054,34.05297464
5521,33.67820229
7576,33.64897272
8777,33.24993047
5651,32.93867767
6763,33.06719654
7588,32.83846637
8386,32.94495948
9647,32.56585191
6981,32.36363914
9723,31.50375022
7706,31.20846963
8437,30.93565504
6632,30.78159071
9657,30.91584165
7580,30.4707399
6160,29.92285284
8691,30.20801695
6805,30.15299248
7740,29.90366209
7951,29.55614381
9421,29.46901439
8248,29.42027698
7125,29.37785491
5473,29.10940254
8507,28.85986694
8130,29.2817049
5899,28.84103672
5934,28.82541529
7438,28.89165607
8213,28.84842598
9762,28.77621988
7235,28.66436404
9208,28.58459493
8462,28.33736847
8262,28.19488926
9255,28.33490503
7377,27.96758322
7788,28.13808217
9515,27.89396922
7149,28.00708382
5614,27.8378239
5739,28.0842714
7340,27.74185495
9082,27.70614818
6165,27.59300315
8492,27.88064136
7063,27.43087217
7749,27.55780051
8778,27.34687036
9268,27.08792408
8852,26.90359364
6528,27.01897977
8259,26.82722416
8073,26.60880512
5565,26.56812359
5574,26.30609102
6997,26.06759155
6749,25.92706668
9334,26.155337
6258,26.01260089
6782,26.01813455
9537,26.00767456
7199,26.07919891
9355,26.00729174
7651,26.02235533
8789,25.77104955
8502,25.8872996
8457,25.54575233
5994,25.54940417
9112,25.67051981
9396,25.99420388
8808,25.80922694
6760,25.68367551
8773,25.64524314
7737,25.61020816
9090,25.47259321
8942,25.53552513
7881,25.30758844
8065,25.26728269
9138,25.52371034
6923,25.14546308
6122,24.7129386
8602,25.15394077
9336,25.07615533
9416,24.93110753
6057,25.08831023
9121,25.12599908
8960,24.89863434
7121,24.73413087
9109,24.56932151
7526,24.54472211
9553,24.4034304
8377,24.24991736
7214,24.46747798
7387,24.6776407
7821,24.25356859
8016,24.27337445
5435,24.2735894
6591,24.33386378
9397,23.97482042
8854,23.99954296
6248,24.11610614
6792,23.98236243
6326,23.71955323
8940,23.7870591
8996,23.6891822
8783,23.72637763
9418,23.72582429
8417,23.79500974
5438,23.92493142
8450,23.3955643
5944,23.54676173
7104,23.56127968
6507,23.45249586
7059,23.57561454
8729,23.48643354
5394,23.3473023
6228,23.31205586
7198,23.24776941
7299,23.39632211
6036,22.52826407
9474,23.08598009
6397,22.91616305
6614,22.9692938
7368,22.93295631
8848,22.80403713
9368,22.77004443
5904,22.52635089
9009,22.61451734
6320,22.5346123
8041,22.65917037
8934,22.46344241
7510,22.61994178
9605,22.28558043
8286,22.30797481
5526,22.34900041
7437,22.19183329
8920,22.1994579
8127,22.17024126
7970,22.1451416
6334,22.39269393
6922,22.02423507
9384,22.29334409
7403,21.75663859
8744,21.87998979
5909,21.75023403
6604,21.65474027
8261,21.71868464
5866,21.65398013
5454,21.85755591
7195,21.5748062
7823,21.76186844
8444,21.60602023
7962,21.72252831
6926,21.51192256
5867,21.4905742
8751,21.43670992
5386,21.58355035
6756,21.42048755
6734,21.30108766
5878,21.03964153
7483,21.20327382
8155,21.49784224
5567,20.99087749
6399,21.08224005
9008,21.18269649
8645,21.00948126
7822,21.2847097
5689,20.81314168
6646,20.89977879
7129,20.87297403
5833,20.73310986
7349,21.02575342
6000,20.79251431
5940,20.82018535
8614,20.68924912
6681,20.70810866
6502,20.62066818
7248,20.59108933
8285,20.65278549
7128,20.41684488
6910,20.37435853
5431,20.58791908
7048,20.47370528
9702,20.3768698
7873,20.29545687
8769,20.37702854
7769,20.43217332
7068,20.20141031
9202,20.40456531
8906,20.47198559
7870,20.1827445
5470,20.15816795
9403,20.05065982
6435,20.26601939
9043,20.31376143
5889,20.14921032
8160,20.14269026
9357,20.06397662
7365,19.98800464
8522,20.13084121
8983,20.22266033
9304,20.02109143
5674,19.95207327
5601,19.98584812
7974,19.87600752
9687,19.98284748
8737,20.03032252
9323,19.67493439
9316,20.08309723
6774,19.81098949
6664,19.69434513
8186,19.94308849
7534,19.76299097
9612,19.72195318
8594,19.88454102
6510,19.79651864
5443,19.73127098
5646,19.70381504
8171,19.50606269
6651,19.67362707
6951,19.33734288
9438,19.64758367
9559,19.62625937
9104,19.67710853
7356,19.43891115
6125,19.44540736
7053,19.61369684
6732,19.44346885
6904,19.37573869
7146,19.26073619
5786,19.08641211
8132,19.26144107
7988,19.100135
9210,19.21981387
8882,19.15923288
9427,19.32983647
5775,19.16365777
8341,19.09656078
7804,19.23190918
8088,18.92173924
9613,19.0537025
5807,18.94379663
6243,18.98718628
6811,19.02358186
8232,19.03995012
8506,19.00917145
6602,18.84836691
9600,18.91135067
8067,18.71719124
6155,18.96150807
6284,18.94891535
6026,18.80593149
8124,18.62768793
9508,18.73097502
6173,18.79278823
7939,18.6803909
7017,18.69023106
9366,18.63563398
6781,18.60005765
6987,18.62159231
9411,18.62562984
9634,18.41198487
8034,18.45458801
7926,18.33908976
7799,18.26608466
8392,18.46040678
5481,18.51231657
6709,18.28168424
9457,18.47852718
8048,18.14880892
5607,18.20293938
8727,18.23384496
5395,18.06262239
6281,18.39137561
6310,18.14916394
9301,18.18068521
9466,18.18066138
7161,18.22668741
6954,18.31651454
6272,18.29196461
6670,18.13754067
5541,18.02956742
6232,17.98798237
8214,17.94732214
7773,18.07007399
5798,18.03383554
7686,17.99415967
7085,17.98699715
8696,17.8687406
5969,17.88035648
7178,18.00550489
6469,17.84689564
9352,17.85269094
8582,17.86345478
7236,17.85393322
6176,17.89612005
9300,17.75661964
8485,17.8046921
8688,17.61239776
7139,17.74759705
6200,17.68934644
5895,17.66995579
7357,17.64151621
7324,17.63688021
8979,17.53506147
9675,17.33701033
9752,17.53458839
6426,17.46844028
7381,17.51441599
7841,17.50818857
9156,17.50770999
5562,17.43505517
7006,17.31593897
6667,17.39344355
8585,17.37944426
5720,17.40923341
9477,17.39313523
5677,17.43393716
9061,17.32571457
8095,17.2878504
6633,17.2545291
5686,17.23525039
6819,17.30350026
6225,17.13711855
8720,17.15050313
5741,17.35130147
8578,17.06068854
5676,17.500137
9010,17.13121638
8000,17.36138856
8081,17.08974612
6850,16.99821605
5706,17.15080101
5939,16.92345181
5850,17.00625158
9509,16.92985254
9201,17.01234336
6087,16.91125221
6134,16.94847061
6668,16.8061422
8157,16.98693195
5478,16.93963683
6009,17.03599896
8050,16.83938672
7282,16.83052085
8052,16.81033916
8511,16.71251405
5965,16.58130214
8731,16.65308891
6692,16.62478584
7622,16.67787974
7475,16.71076711
6655,16.54004756
6738,16.53024867
7708,16.45787004
7233,16.59580003
7297,16.56506714
9757,16.46501319
8711,16.54014419
6046,16.7202183
6779,16.47436472
7364,16.63558943
6429,16.40288733
9257,16.43352704
9686,16.46117291
7895,16.1628561
9717,16.38954065
6097,16.40701337
8860,16.22587997
6909,16.41105142
8779,16.37984443
9259,16.41966851
8516,16.26371451
9573,16.22045962
6412,16.40548196
5551,16.19526143
7816,16.22219426
8051,16.18533938
9378,16.2981292
9710,16.25702676
7644,16.23983174
5464,16.25125104
7531,16.10332287
8997,16.24382439
5809,15.98232757
9242,15.97413313
5790,16.04590964
5426,16.18396377
6527,16.18626198
8340,16.09406035
7787,16.05492369
9682,16.09411134
6249,16.08258407
7511,16.13872233
9289,16.17920084
7314,16.04947436
9055,16.06280245
6974,16.05012751
6153,16.05895882
6980,16.06604176
6986,16.02683905
6256,16.02494437
8738,15.87456969
9654,15.92863791
7609,15.86379363
8534,16.12628866
8415,15.75922568
7237,16.02198751
5648,15.78431129
7626,15.93908415
8674,15.79089004
7666,15.72864967
8260,15.8864111
9086,15.9054883
7515,15.97476699
7497,15.71605119
5793,15.71799266
5953,15.79145801
6299,15.74128554
5872,15.78353083
6765,15.69711794
6593,15.61161284
8857,15.6374615
6520,15.66224455
6021,15.816723
7550,15.68816073
7116,15.64260941
5938,15.56958541
8113,15.50242815
7218,15.63228898
7106,15.37751995
8749,15.51837005
9183,15.50313715
9728,15.35006135
9106,15.42733383
5880,15.58185794
9638,15.62497226
6618,15.7078704
6438,15.59425083
7864,15.61647656
9033,15.48125842
8040,15.43073461
7350,15.28780413
5433,15.38537565
5590,15.45395542
6824,15.41757286
7417,15.34460713
8272,15.46590857
8792,15.45619469
8376,15.54024689
6167,15.08508209
5456,15.28935091
7371,15.19543285
6491,15.33772978
5647,15.30865446
5711,15.22608975
7642,15.25064266
7535,15.24707286
5501,15.45465226
5566,15.43988917
9743,15.24572794
7346,15.22317496
6416,15.24870908
6594,15.14960833
9443,15.07910189
9491,15.2030777
9566,15.16064874
9190,14.91765807
9428,15.1173131
5515,14.89134468
7752,15.02802331
9253,15.09821053
9604,15.05354898
8046,15.05775853
6216,15.0622247
7771,14.93151375
7394,14.87517837
6503,14.93458671
6839,14.92415265
6143,14.9930837
8250,14.92665619
8304,14.86986321
8120,15.03044568
8220,15.07113533
9749,15.04799314
7462,14.94040433
8147,14.9015517
7554,14.99373638
7608,14.95184981
6977,14.89066672
5544,14.94025734
7918,14.64931512
6661,14.9088373
8188,14.84352551
7658,14.90916175
9285,14.80726377
7339,14.72380035
8734,14.63727138
8992,14.73106315
7268,14.76755821
7501,14.72376809
6417,14.67677656
9780,14.74624321
5399,14.8180902
9162,14.72777838
6262,14.77757034
7383,14.77852563
9733,14.78105324
5713,14.72374354
7784,14.76241358
5936,14.67143371
5986,14.65162869
5437,14.73445122
7352,14.71265774
6250,14.59975635
5434,14.67603785
8533,14.59264521
8811,14.60970769
6579,14.91169893
6162,14.5239726
9463,14.56594804
6885,14.50281758
8111,14.48681234
6635,14.47182306
6006,14.52363145
8204,14.62424977
8029,14.55090538
9688,14.52544498
5756,14.42213853
7915,14.59929156
7872,14.42156193
5427,14.29096629
6337,14.45578715
7525,14.3674906
7700,14.33899278
7704,14.38538677
7536,14.37792846
6316,14.30893888
8903,14.22039154
7889,14.35767661
5993,14.29808552
6131,14.2945714
8552,14.29355116
7023,14.33080708
9078,14.22983087
7751,14.2822508
6139,14.20822374
6773,14.0582662
8648,14.12770533
6884,14.0946023
8176,14.03162487
7203,13.99838057
7813,14.24522309
8056,14.08762039
7730,14.12362585
9151,14.06463263
6535,14.12280955
7147,14.09360976
8730,14.06598276
7251,14.03989374
8391,14.04828317
7548,14.01020752
7874,14.07266909
8254,14.08223215
6261,13.90918752
6355,13.98203521
5617,13.9496871
9644,13.93523308
8233,13.90335527
8626,13.88701891
5873,13.95121142
6578,13.84521036
8975,13.88501123
8020,13.87465514
6662,13.81129552
8557,13.8990663
6120,13.83219455
9155,13.855163
6076,13.77451742
8911,13.86104509
9459,13.83656911
8650,13.80231202
6867,13.74585919
7611,13.73183305
6985,13.71622458
9555,13.81079678
7444,13.75900828
9621,13.73908821
6099,13.87951431
6699,13.56950748
6608,13.70631897
5859,13.83868887
9588,13.76256738
8632,13.61372094
9020,13.57939785
8888,13.49774972
5863,13.48660996
7810,13.53147358
5985,13.51258387
7650,13.53332898
9748,13.48634442
8971,13.48111998
7659,13.54856357
7672,13.41756268
7851,13.50996085
9089,13.55273034
6018,13.39164759
8296,13.43239522
7415,13.52029351
8743,13.40797161
8137,13.4979354
5800,13.46587715
6625,13.42344792
9248,13.52183523
5718,13.47369622
5813,13.49947482
5516,13.35566311
5903,13.3131024
7623,13.39858595
5926,13.47994498
7742,13.32930478
6826,13.38911905
9182,13.42985728
8219,13.36484321
7958,13.40908551
5556,13.35638965
5980,13.40003761
7953,13.34441598
5517,13.28694393
5500,13.35776137
7155,13.36252535
7692,13.49512571
7900,13.35989219
5976,13.33021362
6084,13.25114309
9436,13.25072144
6893,13.25894375
8199,13.32724489
7318,13.3454652
6964,13.21838687
8326,13.1978009
9410,13.13806498
7741,13.27627854
6010,13.11857746
8177,13.10984786
6815,13.04024085
9639,13.06435533
6680,13.11738108
9203,13.09518414
6518,13.01046306
8649,12.92824627
6644,13.09582326
8695,13.07598168
7449,13.09172059
5900,13.07275677
8497,12.92361534
8121,13.19300186
9031,13.00333795
7660,13.02868944
5698,13.05051989
7979,13.11815598
8019,12.90644957
8549,12.9363587
8858,12.99584002
5486,12.87488553
7156,13.0122814
7557,12.85302861
7456,13.04827422
7451,12.94947494
5564,12.91702066
8804,12.90110427
8639,12.91383329
5952,12.91153468
7459,12.8789403
7775,12.89273654
9240,12.9231025
9175,12.90396757
5881,12.88132589
6534,12.84936706
8271,12.83623561
5849,12.78599269
8369,12.79828921
5608,12.87652005
5728,12.88899781
7956,12.82745701
6768,12.78790154
5576,12.78335826
7896,12.77468779
8180,12.76057262
7573,12.86888637
7859,12.69371098
7543,12.71651504
9187,12.65949679
5502,12.61578301
6653,12.67511887
8006,12.617687
6396,12.76460661
7232,12.66114549
8150,12.63370316
9364,12.5830658
8227,12.63927124
6845,12.60780694
7209,12.59638668
8579,12.54995176
9265,12.6129458
9635,12.55868547
7499,12.59371103
9217,12.68198856
8832,12.45067815
7045,12.59955716
7760,12.54755881
7405,12.59125951
6551,12.49783201
7713,12.45479022
8104,12.63715947
5587,12.48361788
9732,12.41338314
7901,12.49332032
5396,12.48064678
7904,12.4203192
9088,12.475874
9269,12.37038151
8706,12.6201592
5840,12.48844134
5455,12.38828107
8099,12.43562297
8768,12.3556586
8018,12.37711673
9768,12.38038445
6798,12.3523254
7096,12.40017868
8958,12.29191638
7783,12.4967597
6363,12.34097186
8718,12.40309166
6656,12.28734813
6562,12.40107557
6237,12.28342843
9224,12.39890233
9645,12.33448612
6403,12.25818898
7372,12.3196598
7591,12.25238415
8182,12.17433963
8879,12.30295744
7690,12.24686413
6807,12.33311417
6729,12.28272601
7808,12.28102716
8631,12.36234757
7024,12.19970049
9042,12.37383924
7592,12.25203555
7253,12.22798689
8397,12.32867628
8410,12.44352558
9100,12.2781328
9711,12.26478206
6451,12.26591535
6409,12.19452486
8058,12.23652357
9320,12.19451188
6864,12.20747108
6030,12.23009571
7912,12.23690779
5638,12.19399722
7603,12.14453052
7985,12.20493981
7671,12.13610362
5417,12.20618459
6298,12.09021768
7182,12.16606203
6603,12.14315514
6112,12.04708937
7259,12.10100007
6838,12.1154691
7303,12.10009446
5950,12.0028315
6391,12.1619972
6957,12.13201215
7243,12.1203665
9485,12.0038675
9262,12.04639619
6682,12.07930573
6024,12.02010875
6555,12.03557409
5920,12.30017291
9440,12.02506507
9583,11.96466163
6872,11.8613207
7374,11.98921812
8229,11.94913418
7523,11.81889983
5419,11.88795532
8939,11.91752123
6860,11.88804999
6308,11.93258145
8381,11.91896441
6828,11.8406413
7729,11.90868262
6098,11.96826401
7189,11.90593591
5682,11.98028619
8493,11.83756677
6874,11.78799568
6019,11.89776438
8987,11.80260244
9409,11.83389599
7937,11.79511224
9195,11.80709531
8703,11.82442507
6596,11.81479138
7746,11.76218646
9472,11.90821827
9681,11.86758592
7384,11.90988951
5701,11.67859519
9439,11.83896488
7615,11.81953633
7117,11.7352467
9171,11.85760173
6388,11.75979673
5598,11.74248672
8988,11.70386109
8909,11.73880846
7035,11.82577421
8013,11.74004456
9065,11.75004895
8158,11.78069046
7056,11.70404601
5796,11.66610315
7014,11.72285412
7239,11.82536265
5999,11.65861551
8419,11.64398719
5582,11.93855665
5453,11.63455012
7777,11.74920666
6128,11.69370655
6408,11.63196184
6086,11.65988965
5497,11.64610894
5675,11.60206629
6068,11.60435281
5604,11.58662088
7581,11.6083422
7424,11.73857785
7078,11.50209451
6022,11.58633133
7723,11.68124056
7909,11.55431931
9223,11.62729909
9092,11.55778432
8145,11.48241018
8435,11.57799498
9454,11.56308316
6730,11.61425643
6445,11.46445391
5743,11.42734649
6038,11.46921177
7043,11.5219245
8919,11.53849882
6852,11.57276717
8074,11.50031507
5776,11.50433255
6201,11.54843837
6936,11.44982983
6994,11.49713372
6582,11.45504257
8479,11.36838795
9111,11.44472884
9579,11.46230921
8273,11.46085021
6294,11.3880025
5580,11.41940617
9000,11.4357406
7452,11.41641969
8512,11.40233456
7941,11.44492727
7030,11.40069874
7179,11.44604127
7327,11.29605856
6012,11.50048141
9419,11.31859831
6444,11.3177119
8314,11.29386695
8467,11.41320956
8638,11.41565643
8708,11.33252213
6175,11.27716506
8212,11.28199264
5440,11.30480002
5810,11.32305356
5458,11.33337778
9136,11.27796519
9040,11.34194028
6324,11.3138379
6590,11.22707893
6152,11.305802
6306,11.27961631
5680,11.28448793
8152,11.33951186
8423,11.25392387
9694,11.26670943
6091,11.20472255
8378,11.19532624
6367,11.29647879
8114,11.262065
6496,11.28946661
7586,11.20892001
8503,11.266658
8414,11.2215771
8870,11.2936399
6109,11.21340333
9542,11.18926872
8085,11.32981293
8910,11.23050408
8842,11.16255265
9433,11.20214353
8400,11.14663649
8756,11.18590535
8325,11.03550781
5524,11.21272587
6513,11.19312585
9712,11.22396103
5722,11.11249903
8035,11.16244991
5917,11.14730724
7789,11.03501557
5906,11.13104856
6775,11.08914384
7717,11.04877967
6075,11.13794282
6883,11.16809918
5879,11.13515742
6508,11.00453633
7701,11.0903288
5846,11.08684167
6790,11.02097638
9595,11.07071783
7955,11.04751487
6318,10.94160749
7727,11.01212757
9704,11.0734418
8321,10.93008516
5958,11.00263613
5731,10.96601375
8264,11.03994557
8045,11.15837203
6660,11.02194521
8505,11.00090868
9146,10.98147991
9703,11.0365713
8724,10.96372772
9400,10.98654522
7553,10.9626986
9191,10.93459338
8800,10.88511825
5445,11.00677578
6640,10.92260582
9755,10.87374147
6032,10.87613052
6711,10.89975348
9313,10.90776521
9128,10.95232916
6366,10.92890108
8495,10.98327089
6599,10.86286127
6488,10.88294589
8409,10.91537098
9526,10.87506847
9430,10.91871813
7353,10.8197286
7916,10.86636508
5931,10.8472271
7238,10.86514917
8548,10.83352795
8826,10.81379486
6726,10.83724201
6950,10.84830689
7613,10.79462964
7498,10.8484806
8947,10.7945757
6544,10.7868597
5381,10.8661179
6383,10.81575512
8178,10.73959377
6972,10.79495048
5826,10.86093165
8290,10.78063827
9140,10.71797326
8195,10.74336008
7208,10.75462155
8263,10.73900759
7175,10.69501353
6506,10.68119802
5404,10.74793343
8443,10.72399078
8372,10.70878283
5700,10.62575364
6442,10.64273519
6394,10.71184873
7695,10.59724594
5692,10.68700831
7470,10.66255106
8183,10.63083235
6968,10.71372126
6791,10.78299594
5745,10.64599767
7765,10.59268442
6044,10.66746406
9619,10.62683635
9739,10.70296331
7768,10.65890248
9072,10.62411298
5425,10.59431345
9022,10.52340612
5652,10.59129212
6489,10.62691887
5818,10.55693721
7878,10.58716667
5714,10.60254948
6208,10.64464905
8838,10.45255307
8402,10.49364758
9097,10.64386759
9331,10.63864556
8810,10.58244986
5424,10.56572034
7519,10.58003582
7072,10.49927196
9221,10.52228519
7629,10.44817788
9101,10.49917794
9468,10.56396781
5446,10.51513601
7902,10.505032
9006,10.47450908
6741,10.50291468
8291,10.52651144
7819,10.48539966
8494,10.41962125
8755,10.36043608
6519,10.40115659
8541,10.39738309
6612,10.50755019
9516,10.43701156
6611,10.54060078
7074,10.41358183
8587,10.44356233
9145,10.51345723
9096,10.42986133
7830,10.49083414
6008,10.42756072
5998,10.60665869
9351,10.40046495
5929,10.37539822
9506,10.41560219
5918,10.40462562
6410,10.49696848
8543,10.36719418
9161,10.36596282
6135,10.39497522
8258,10.34513614
8313,10.3818659
8866,10.40819419
8901,10.38096362
7942,10.36757626
7990,10.36362981
9747,10.36886361
6687,10.39313016
9225,10.38868961
9245,10.34483731
7973,10.27726606
6875,10.37361271
8544,10.33066211
7040,10.31274407
8007,10.27236822
5605,10.31650128
7326,10.29671676
6634,10.29228985
8449,10.3004837
6849,10.28010053
8242,10.33030022
8586,10.3229891
9167,10.36872474
9660,10.286265
8894,10.13755892
7348,10.27566058
9662,10.30824224
8815,10.25247478
8531,10.19173003
5632,10.31008033
5535,10.2844696
7940,10.16182844
9575,10.21927235
7516,10.23321579
9170,10.19298616
7614,10.16225697
7812,10.25232141
7842,10.30873946
6193,10.2275726
6254,10.19219
6118,10.31828857
9377,10.12270524
7633,10.09271324
5625,10.20584173
7386,10.112379
6235,10.2438654
9713,10.11615406
7163,10.18756481
5783,10.02824106
7037,10.11357338
7109,10.09401585
6958,10.19971324
6557,10.15789884
6543,10.08600289
6973,10.13083023
5589,10.1378525
7397,10.1356765
9288,10.12540557
7564,10.13035988
7711,10.13930334
5620,10.03571016
8078,10.18494735
8991,10.08358218
7610,10.1410357
8200,10.08798295
7605,10.14541754
6869,10.11807024
8351,10.10264134
8350,10.21095519
7105,10.04775535
8084,10.1161983
9207,10.04015187
6707,10.06999873
6045,10.01867673
6187,10.06403276
7036,10.18597281
7624,10.00072339
8335,10.04111512
7267,10.15199696
9315,10.0678314
8699,10.08186322
7132,10.02037179
8202,10.0226061
6818,10.0898288
7051,10.06625732
8709,10.03504002
5512,9.97715827
8303,9.978280364
9760,9.983245518
7171,9.973384994
6740,10.09864094
9761,10.02514359
7091,9.96407847
9332,9.967040934
9724,9.996152143
7360,9.992773073
6794,9.922314415
9379,9.957455384
7786,9.919158832
9337,9.997183297
8573,10.02265871
6801,9.98615015
7033,9.939113169
6894,9.930088957
6825,9.974413718
8472,10.00034133
9176,9.911826489
6780,10.00239709
8228,9.945579911
6913,9.995091513
7540,9.932634753
7107,9.967708984
9598,9.998586344
9568,9.889154714
5816,9.913297389
6881,9.839080941
7390,9.909751291
6303,9.931662277
9099,9.860778567
7295,9.925007785
6240,9.838843556
5684,9.933773572
6106,9.858405101
9335,9.886814056
8793,9.832227223
5898,9.938717771
7306,9.86385846
5808,9.877656163
7270,9.948692671
6803,9.840348445
7993,9.944475901
9782,9.912173017
8477,9.876084885
8855,9.844616886
8193,9.876456261
6704,9.775771778
9023,9.826088499
5624,9.843128279
9781,9.817976943
8757,9.856164159
7957,9.824089577
6800,9.822633357
8347,9.765983817
8924,9.870674101
6458,9.728173043
7836,9.798512646
8079,9.744273781
8788,9.747682148
6702,9.727140846
9678,9.774779248
5600,9.715443095
7868,9.763648018
7649,9.709871185
7601,9.752489488
8786,9.811146739
5795,9.759561049
6456,9.755967934
6976,9.684371405
6956,9.847119646
7903,9.736792062
7481,9.762701066
6785,9.723699039
6532,9.698602896
7542,9.737482532
6771,9.677107916
6753,9.789470072
8922,9.779120481
8642,9.704321187
8265,9.722322204
6512,9.797878961
9674,9.650491163
8603,9.709217999
7753,9.719599499
9152,9.706230781
6455,9.660267416
7924,9.717065579
8474,9.752136581
7300,9.628482767
8246,9.684380662
9370,9.629733266
7665,9.697083039
8671,9.640427845
6414,9.699561556
6500,9.686090664
9765,9.651774556
8523,9.693933652
9184,9.698939829
8885,9.602761045
9775,9.658833657
5403,9.59225835
5552,9.593129936
8965,9.636283039
7770,9.61481617
6422,9.701911354
6679,9.560513642
9715,9.572875015
9586,9.570340184
7064,9.611152179
7471,9.559446728
9402,9.54703632
8309,9.613811582
8824,9.56937411
6138,9.570379731
6915,9.614989867
7222,9.647950701
9303,9.495140417
8168,9.568484553
5954,9.52425997
7333,9.548963104
7375,9.595070527
5962,9.485945644
5468,9.626730608
7999,9.506173442
7460,9.504808372
7479,9.531306784
6823,9.555105313
8574,9.516947967
7854,9.476435494
7332,9.500988214
7913,9.438929392
5457,9.511303855
8970,9.614396611
8716,9.534603336
8828,9.490692247
6105,9.491883439
7322,9.506912522
8950,9.422827917
8243,9.487080184
6244,9.483860329
7869,9.461587494
8087,9.545015213
6158,9.463458235
5406,9.496385552
6186,9.471371472
7469,9.466555303
9060,9.422151828
9481,9.404627615
7302,9.35767957
5930,9.451841337
9274,9.402396543
8343,9.367020366
7435,9.457949426
5851,9.439858072
7323,9.400618721
8962,9.428507278
6675,9.423274462
6703,9.374654163
7221,9.369714583
9237,9.400921776
8459,9.447837742
5448,9.423533384
5829,9.259222623
8896,9.351869395
7290,9.409858032
5839,9.404205338
9607,9.390033338
7138,9.387642873
7922,9.372158002
6283,9.393143737
8673,9.224174336
9615,9.363148068
8211,9.377220743
7252,9.391991275
6927,9.336374211
8370,9.432219586
6425,9.343795791
9032,9.338032969
7867,9.346261334
9672,9.341259774
9131,9.346822127
8687,9.319842526
8677,9.44569712
9489,9.279818094
6918,9.33526615
5592,9.310585972
7911,9.359989878
6339,9.30796223
7735,9.266847692
6251,9.303621615
9763,9.293294122
9771,9.402314922
8841,9.190384245
6574,9.250216453
7331,9.317020588
6329,9.253807449
5429,9.244687035
5465,9.276594432
9404,9.311341788
5975,9.27801003
9110,9.258422755
5738,9.258472378
8600,9.217183028
5735,9.258147151
7408,9.202951584
6177,9.246633235
6080,9.191255798
8004,9.201156394
6078,9.172252194
8693,9.174248302
5797,9.217552704
7719,9.206454642
7067,9.239888228
7316,9.216361587
5856,9.21163462
8156,9.156317074
5841,9.273325109
7084,9.197528081
7055,9.177329976
5499,9.11231034
7301,9.291754442
5862,9.216743322
7477,9.168046079
7110,9.178920999
9671,9.221329368
5729,9.253383755
9126,9.130300722
6492,9.161439074
7083,9.185652283
5529,9.186403803
7283,9.130467633
6565,9.094467178
7710,9.178497703
5697,9.150171338
6335,9.125157221
7399,9.07595727
6984,9.115602716
6645,9.141593103
5864,9.186111867
6311,9.153422816
6079,9.102967453
8646,9.140659457
6212,9.128332149
7336,9.154413894
8680,9.126942625
8740,9.10757201
6577,9.204177542
8643,9.216845066
8900,9.083746539
5979,9.092035161
7653,9.117160892
6652,9.162914546
5896,9.098659129
8776,9.068500578
7026,9.128233986
5857,9.080211011
6992,9.075174688
8490,8.965703771
9632,9.094559061
7410,9.114188693
8430,9.074120139
5667,9.049466546
6924,9.086779645
7380,9.015449805
7688,9.029572707
7076,8.9809303
9448,9.103960348
9745,8.991623677
6252,9.010029442
9426,9.00955124
6698,9.049102203
6626,9.010985863
8238,9.073307511
6295,9.017489189
6840,8.946540182
8044,9.01767382
8496,9.004789137
6722,8.983007924
5387,9.035091323
9759,9.049010465
6346,9.049155337
6065,8.956235293
5885,8.952081907
8575,8.99905091
5603,8.953032114
9455,8.952901579
5533,8.998496262
7369,8.915168462
9046,8.954429298
9722,9.006310019
6260,8.938430009
9272,8.926447678
7119,8.944325133
6911,8.923156247
8146,8.862665251
9627,8.883234456
9431,8.939855831
7527,8.94436143
6441,8.942041237
5992,9.005777048
8621,8.937657827
9391,8.923351902
7057,8.911048264
7458,8.844561306
6863,9.001911406
6198,8.94421711
9211,8.910419081
9683,8.85406023
5593,8.851052357
8267,8.870107897
6301,8.817767503
6033,8.890106358
5643,8.866097437
8820,8.840963737
6373,8.805546996
6353,8.801747344
8027,8.89962907
9414,8.840120797
6556,8.810824527
6623,8.783426303
6431,8.854259413
7637,8.889478846
7304,8.843253656
9653,8.812129338
7201,8.803483265
7574,8.842576233
8818,8.863265491
9479,8.792695584
7731,8.773537446
8542,8.813842573
6595,8.880405454
6982,8.808672881
5571,8.787421024
5558,8.791486405
7493,8.746943316
9389,8.727390909
5751,8.764421367
7555,8.825559161
6058,8.715906269
7389,8.698412289
7162,8.730172785
5645,8.715285102
5631,8.772311624
9741,8.740124101
6309,8.731563965
6536,8.690698958
8424,8.703981421
8926,8.75050233
6999,8.719316231
6751,8.773267396
9011,8.766436481
9541,8.737746579
8398,8.7286422
8235,8.771769159
8319,8.759552004
8173,8.758319475
7207,8.774513791
9531,8.748872659
9235,8.71382128
9539,8.704844922
7667,8.755565646
5945,8.651863377
7669,8.680341809
6127,8.669566414
7308,8.675761734
7824,8.670623377
7224,8.688373148
5549,8.673191683
8554,8.738776721
7966,8.67445267
6238,8.680633704
7500,8.667794239
9095,8.676109928
9504,8.675667455
7587,8.698051995
6433,8.637318728
5861,8.667744734
9462,8.70064413
7732,8.663382047
8277,8.627895182
9449,8.668135387
8184,8.584186749
9388,8.629904234
9047,8.606592824
5513,8.720428611
6747,8.657624181
7049,8.61249978
5475,8.721127894
9290,8.615424256
7060,8.606596566
7687,8.601874001
8633,8.573100915
8328,8.621938547
7151,8.668183917
8560,8.630659879
6288,8.599061635
8298,8.606322554
6389,8.614918787
6448,8.527016294
6990,8.594133498
9261,8.567889451
9585,8.636673696
8668,8.557226704
8362,8.719234407
5494,8.629010169
5629,8.660010341
8572,8.521346452
6360,8.592250623
8331,8.621892045
5963,8.593107885
6470,8.551754969
6322,8.558779549
9492,8.55929499
8287,8.510005173
8002,8.631804163
5977,8.628781869
6516,8.574185246
5663,8.587442049
7747,8.674722289
8766,8.627992167
6093,8.514138412
6971,8.559581049
8932,8.564984978
8031,8.520807561
9356,8.551465115
9067,8.509991233
8657,8.508701499
6597,8.514171511
7329,8.48896871
5476,8.509473548
9045,8.521446275
6750,8.483506471
8593,8.433299635
5845,8.483718695
8814,8.487545259
8336,8.575430751
5466,8.487081649
5467,8.472529419
7772,8.425932484
8723,8.460034417
6871,8.405795751
6620,8.458778944
7400,8.469575318
9779,8.465557509
8559,8.428703204
7639,8.4578594
7876,8.396529951
6949,8.443487525
7468,8.387665537
8899,8.461532767
9486,8.403099141
7092,8.450219796
9116,8.510676196
7856,8.40605129
8426,8.451879863
8055,8.447273082
8257,8.377050723
8591,8.460708807
6583,8.38013703
7809,8.452443966
9299,8.381450823
7373,8.40758825
9442,8.465985167
6769,8.446966962
7509,8.391746392
9478,8.400744005
6115,8.379736934
8149,8.436767458
7726,8.356587879
7756,8.402091449
9282,8.386612307
8865,8.388166855
6267,8.449043748
8836,8.387122895
8239,8.387182485
8839,8.345509322
8070,8.318433496
9628,8.421001737
8030,8.436799029
8725,8.318438936
7818,8.315725306
7518,8.378786104
8294,8.343974782
6465,8.382445823
9423,8.338360663
8679,8.409050179
7791,8.351914227
6515,8.323991912
7931,8.427337051
6073,8.384809468
5886,8.339657758
9767,8.358368628
7884,8.402178972
6174,8.335216991
6242,8.363812986
8429,8.300420094
6302,8.314509286
7097,8.397777422
5656,8.325797304
7758,8.322452924
7693,8.334469895
9084,8.277098905
8819,8.321948049
8781,8.372652792
8316,8.253150293
9093,8.392406342
6766,8.318667574
6094,8.253048668
6898,8.287141463
9296,8.334683046
8513,8.281516242
6323,8.270352271
8765,8.242367983
6835,8.252547664
5639,8.337592556
7927,8.332449834
8384,8.249059877
7982,8.184025048
7254,8.245172055
6754,8.270767036
9108,8.279780804
7781,8.212241196
9601,8.309478028
5716,8.272267215
7404,8.268587758
8929,8.293781353
9666,8.24199397
8306,8.186210731
6217,8.249883985
8118,8.270903525
6464,8.231536282
8345,8.093861164
6039,8.155552296
9342,8.19319932
6657,8.263369321
9699,8.167780217
7412,8.281911327
7144,8.220832934
7549,8.173575374
7029,8.15159291
5773,8.149073194
8612,8.169937161
9691,8.259869249
7853,8.138068369
8588,8.172697711
7167,8.10716205
5548,8.115364499
6541,8.179517594
8009,8.143112349
9354,8.159209811
8353,8.178219796
9738,8.106400047
6870,8.073948871
6796,8.123212626
5830,8.064142077
7027,8.067957298
6770,8.135570117
7489,8.141208166
9063,8.136019483
6671,8.108705629
8678,8.164953761
9247,8.114037783
8189,8.156092379
6007,8.093045327
9677,8.06364236
5868,8.010510334
8236,8.137245734
5949,8.064049135
5817,8.101078153
9493,8.08512323
8473,8.039904564
8705,8.172217519
6952,8.050622247
9340,8.169503472
6230,8.103194557
7890,8.081835198
7484,8.019620761
7800,8.055607401
7560,8.073777867
6545,8.079599482
9251,8.083849061
8732,8.060114856
5970,8.149187712
8654,8.000469678
9278,8.081310942
9529,8.051140001
8096,8.011217608
7734,8.044667037
5650,8.053782853
5973,8.1357726
5484,8.083080181
6454,8.088327405
5871,7.969972042
9129,8.080640548
7559,8.053802074
8179,7.948443297
9624,7.961482289
5972,8.043475317
5519,8.033550066
8831,8.059036937
9074,8.022100152
9751,8.06084885
8545,7.9968095
5974,8.020485454
8367,7.969150409
7457,7.927510461
6558,7.971846156
7763,7.950562629
7887,7.949272769
8452,7.945823344
5831,7.936727498
8829,7.972820146
6130,7.93838398
6092,7.967379858
6947,7.956941769
7012,7.949986249
8805,7.936723593
8977,7.911298158
9626,7.962030249
6328,7.99624846
7256,7.924155435
6568,7.918371383
9206,7.930249985
8098,7.963550459
8092,7.906875198
7379,8.029309185
8957,7.963897083
7032,7.966317546
8297,7.943126147
5784,7.915123874
6944,7.927647448
8039,7.84044544
8946,7.887645867
5717,7.894275621
5772,7.92186768
6108,7.894326728
6718,7.833886296
7367,7.883628956
6733,7.849629878
9651,7.862073482
7845,7.940160352
6434,7.953288855
7504,7.873379201
9642,7.931949829
7266,7.8910176
6784,7.840295231
8669,7.837591364
9250,7.864250438
9193,7.842774573
8425,7.885469906
8685,7.799855781
9037,7.871374999
7407,7.932133363
7197,7.865593738
6042,7.810085942
5787,7.814813083
6940,7.776566007
5588,7.921658304
7088,7.828605025
7656,7.898228102
6745,7.781767199
5525,7.851979688
7906,7.780885693
7062,7.822795388
9445,7.80948442
7577,7.775052474
6133,7.807631159
5398,7.837916468
8856,7.792111442
5462,7.863107028
7370,7.758312691
7065,7.753660131
6440,7.827066959
9669,7.766113257
6215,7.880390472
5737,7.794833207
5844,7.79949367
7010,7.718528587
7579,7.804832358
8907,7.728189469
5472,7.716980516
8913,7.782878301
7978,7.749175772
8761,7.789805112
9085,7.740602766
5803,7.764982341
6739,7.705190836
9132,7.768336919
8780,7.736472445
8746,7.760113616
6622,7.742373574
6347,7.758664942
6386,7.7318483
6290,7.710276583
8930,7.712320733
9574,7.752898002
8364,7.741124827
7505,7.731153391
6190,7.656625409
8822,7.71146882
7968,7.702835714
7589,7.733524767
6919,7.640258969
7892,7.755862086
8750,7.709392451
9371,7.747820211
9310,7.701088258
8221,7.707310191
7640,7.708007075
5912,7.697581031
5956,7.6555122
5832,7.653077528
6930,7.649530876
7158,7.698754374
8276,7.707266971
7334,7.658685421
9353,7.672322104
7205,7.691440096
5884,7.633883175
9246,7.635655583
9293,7.718407031
8753,7.64339584
9298,7.623702144
7508,7.640006608
8215,7.732806147
6517,7.618772358
6315,7.591639452
9690,7.639796664
5852,7.6102404
7280,7.583367651
5869,7.62574221
6317,7.62585346
8322,7.608470088
6325,7.569549746
7929,7.619326995
7015,7.619243598
8891,7.602990879
9329,7.651922354
7355,7.581758455
7632,7.611436681
6418,7.638193649
6856,7.545186337
7406,7.545643557
6227,7.580332836
8161,7.587811788
6332,7.591983216
8834,7.605813711
5709,7.605958259
8914,7.57909771
6349,7.54527809
5489,7.576902765
6213,7.542810891
8629,7.553996541
6364,7.571048842
9766,7.484464479
7562,7.556097857
9114,7.523534876
8528,7.526347551
7674,7.596230279
6280,7.52662087
6701,7.601253858
7095,7.554639264
6847,7.50675598
6637,7.561793559
7796,7.546466091
7007,7.555498874
6935,7.545918205
6499,7.529601746
7914,7.483372319
6673,7.521778614
6013,7.491028789
7532,7.539082628
7544,7.517620097
7514,7.532203295
6531,7.527236291
6948,7.531131681
9593,7.562287152
9696,7.558437233
8514,7.486189936
9744,7.508112588
7166,7.507145919
5599,7.479711475
5794,7.497099058
7287,7.548764962
8772,7.508858415
6374,7.427837191
6658,7.437858444
7759,7.463151722
7625,7.497291192
9434,7.48265443
8566,7.50741224
9580,7.441573271
5812,7.495874713
6043,7.436565245
5699,7.426485428
6639,7.512236983
9345,7.488167525
6436,7.450202292
5418,7.441352137
6085,7.472278747
9545,7.428091966
5806,7.482250781
9556,7.443830518
7003,7.450738972
7944,7.390750202
9729,7.39304841
6169,7.359649221
9533,7.431530344
7848,7.456300251
6331,7.427378685
8647,7.422160823
8827,7.423483589
8521,7.379842144
6210,7.420364529
9521,7.412881718
7227,7.359953836
6102,7.356349856
8904,7.385608887
9194,7.391133772
9361,7.318704763
7423,7.381931939
8504,7.349114137
7137,7.370369785
5539,7.34326009
6446,7.412787676
8576,7.393710014
9680,7.328968491
7439,7.397968826
6405,7.387712424
6129,7.373424221
9705,7.416746719
9204,7.363438341
6231,7.294479698
8253,7.31962955
6300,7.252502989
6459,7.321723755
8164,7.310218405
9280,7.268991978
9512,7.339786027
6166,7.317346992
8501,7.281607163
6882,7.306245813
5882,7.320467421
6993,7.342703186
8097,7.393008411
8334,7.265213313
7987,7.339380183
5894,7.278333615
7098,7.302570028
8517,7.341163246
6486,7.27342079
6846,7.285453174
6427,7.386785308
7736,7.295798922
8216,7.335710666
9774,7.263165229
7709,7.234173117
8404,7.277624724
5461,7.333899681
8868,7.337541888
6833,7.299660404
7645,7.246641045
5770,7.218752171
7148,7.339700367
6255,7.309437941
5960,7.200763025
6005,7.226565029
5414,7.23103896
8984,7.225046147
8036,7.248456115
5688,7.233714002
6575,7.242975133
7358,7.257093448
6421,7.194524809
8062,7.224759017
7454,7.279460622
6697,7.205597261
8125,7.201154241
7031,7.230119643
9243,7.24593142
5902,7.212091777
6462,7.206427473
5530,7.220308386
7891,7.233003908
6142,7.20626832
7630,7.171180141
5420,7.212019339
6159,7.168390078
8194,7.165618542
8686,7.208757154
7187,7.221989561
6767,7.107891242
5401,7.168233742
9102,7.154663686
6887,7.225978467
5511,7.14092231
7081,7.186420943
9004,7.197118927
8893,7.202241432
6552,7.090244987
5508,7.158051699
8890,7.197615608
8605,7.150610709
8630,7.151273573
8644,7.195449254
9348,7.066981986
8704,7.149187227
6246,7.137709528
9376,7.1096968
6104,7.113106766
6476,7.138052054
8005,7.128404661
8363,7.116665912
7337,7.056062157
6407,7.140473936
9422,7.150526172
5820,7.158335249
7494,7.068429559
5725,7.03787994
7112,7.125966189
5383,7.09194438
7366,7.214957487
9408,7.091445743
9465,7.097311313
5774,7.103336221
9589,7.176867958
9002,7.134490346
8567,7.033287085
5595,7.096651293
7572,7.106210287
9571,7.055563628
6836,7.047134661
6672,7.082538174
9464,7.106219946
8807,7.111334841
7798,7.095056829
5559,7.131254082
6663,7.081620545
7584,7.02469136
6554,6.991172375
7846,7.054300516
9133,7.001990857
7185,7.050652898
7213,7.063305584
9664,7.092340444
9314,6.988723612
6170,7.003488472
7113,7.008797299
8775,7.053909949
7473,7.057575322
7899,7.034116294
6151,7.064541954
9035,7.06423543
7893,7.019469787
6293,6.940571978
7120,7.059730618
7757,7.046695627
6600,7.058162909
7212,6.972718997
7634,6.980062079
9679,7.040568386
9578,7.04372221
7206,6.98592191
5922,6.982505339
6946,6.993782548
9503,7.015796121
8460,7.029934946
6060,6.98880651
5712,7.040642582
5883,6.972659502
6743,6.937117418
8948,7.029896222
8795,6.972642173
6677,6.970292293
5694,7.034742899
9160,6.979156777
9591,7.026946445
9737,6.950197321
5637,6.984564242
6037,6.960944813
8623,6.9680111
6040,6.971854705
8026,6.987637293
6514,6.94793768
8941,6.981723072
9375,6.912719953
8684,6.939981367
5923,6.953789116
7418,6.967631021
8546,6.961388189
8863,6.966759492
6504,6.875199986
6381,6.965642185
9776,6.935222918
7617,6.893900966
9113,6.952159193
6689,6.965815932
9659,6.894069084
6382,6.943582552
7835,6.919298113
6088,6.909264611
9127,6.908831724
6806,6.914352034
6430,6.918904801
7635,6.942780902
6731,6.92648677
7307,6.870543157
8196,6.946243746
7575,6.963643247
5805,6.935345671
5390,6.882004714
7013,6.913500204
7910,6.89662567
8833,6.898333426
6095,6.871283791
7242,6.874409667
8931,6.917838287
6379,6.85695013
8539,6.903065224
7790,6.881169098
9505,6.890773243
9369,6.870620626
8256,6.900529283
6050,6.941801808
6113,6.858591415
6117,6.843760945
7130,6.861240526
8293,6.886121651
9142,6.870547931
7952,6.838925916
6263,6.878148132
8663,6.840991425
6700,6.826450498
5788,6.86327015
9165,6.851591853
9528,6.82604135
9070,6.797457104
6028,6.833205937
9494,6.867409297
9590,6.850729332
8280,6.792602332
6710,6.825405461
9646,6.804437712
7188,6.805230432
8090,6.849698766
8310,6.864181702
5823,6.851017925
7419,6.856552817
8405,6.819654491
9196,6.824310292
8864,6.854631315
8255,6.816858565
9495,6.819243684
9536,6.793824741
9325,6.819630424
5400,6.800951401
7670,6.804090289
8283,6.818053027
7385,6.793079578
8057,6.804606879
8510,6.86976324
6253,6.755615257
8568,6.784258672
9025,6.803330756
5649,6.812219298
7216,6.76342006
5821,6.752709611
9199,6.795943303
7042,6.746396824
9226,6.82948251
8707,6.732689536
9535,6.794787343
5695,6.736577961
8608,6.750609646
7263,6.779944547
7883,6.781079671
9746,6.792414033
6420,6.765569583
6684,6.786442499
7245,6.689461716
9015,6.732021771
8069,6.729495808
9736,6.776409638
9594,6.786201493
8925,6.739024676
5482,6.694310963
6685,6.754595285
5413,6.769215353
6107,6.727299979
8033,6.720900458
9027,6.721648843
9036,6.758336679
9480,6.716998345
6560,6.754650711
7547,6.71736843
7413,6.732389888
8959,6.751379338
5670,6.724833986
7934,6.707804765
9321,6.70574592
7568,6.759472789
9382,6.631451434
8295,6.671105732
9030,6.752187826
6762,6.697168529
9174,6.674539453
5536,6.7347137
9294,6.696162632
6343,6.667223712
8592,6.684500325
8100,6.636577214
6354,6.693925969
5919,6.665258437
6351,6.700663012
5618,6.728569328
8080,6.677465348
8269,6.70163467
5814,6.662774967
9319,6.650223502
5978,6.641212154
7938,6.640803492
8845,6.677740849
9312,6.731100425
6371,6.673162462
5405,6.652176637
8797,6.697242522
7829,6.638739284
6585,6.614968067
5657,6.668129976
6834,6.597787828
6188,6.660742128
9188,6.676549915
9317,6.683057675
6561,6.67137109
5750,6.605096879
6795,6.67724569
6494,6.667951803
9198,6.638378132
8169,6.653150938
6521,6.714130163
5901,6.636014056
5747,6.629394123
6587,6.66091748
8583,6.639037318
6526,6.641293803
6647,6.611697371
8498,6.610127381
6473,6.664735335
8837,6.620320386
6691,6.570270688
9725,6.621704053
7778,6.54566352
6822,6.628283325
7794,6.605594577
8082,6.619852715
5874,6.587787749
7200,6.580621628
7980,6.640886401
5543,6.626976051
7943,6.63508568
6903,6.569557438
8230,6.627578828
7815,6.580516384
7950,6.633159614
6676,6.589454212
6183,6.567932827
9178,6.531281343
9105,6.587973989
8133,6.573652934
7004,6.564838304
6616,6.54292339
9497,6.612124422
7946,6.574269989
7684,6.615464605
7774,6.572393121
6149,6.58476985
9158,6.569743403
7805,6.544200599
6983,6.600291806
8456,6.585586948
6003,6.57106275
6788,6.583216044
9527,6.518335725
8956,6.512136847
8201,6.531835582
7008,6.547429391
7849,6.549712916
9524,6.564377617
7947,6.603875673
9565,6.574857058
5748,6.54002146
6586,6.540952439
8982,6.511221488
7766,6.540099278
6144,6.520989951
9597,6.549343678
8809,6.505351272
5842,6.526814761
5575,6.519968124
8107,6.552788078
8431,6.532530202
7604,6.543624866
7487,6.48791157
8234,6.568403358
8561,6.5448442
8624,6.553684885
7044,6.469958041
9050,6.491727251
9254,6.522551839
6876,6.580427348
6696,6.520727322
6380,6.521070786
9019,6.503103483
6171,6.487879759
9236,6.523932676
8667,6.521600952
7184,6.532347338
5610,6.465971557
7194,6.462981408
9083,6.445703046
5763,6.425097905
8379,6.479272587
6897,6.472340344
8387,6.489424338
7398,6.478091017
9118,6.507363386
5380,6.433669908
6223,6.517216874
8217,6.450948513
9417,6.45790319
5623,6.504055567
7291,6.422334549
8989,6.431137175
9219,6.469895919
5493,6.418730805
9617,6.497402427
9026,6.468472557
8153,6.458120397
6384,6.443691161
7071,6.485228017
5847,6.459815833
7082,6.422249179
5685,6.418605836
6889,6.448270739
5616,6.409882524
8103,6.418035654
8853,6.411119794
6126,6.421757557
6209,6.392589036
9432,6.408536831
7843,6.491007133
5966,6.414162172
7305,6.382666522
6627,6.438524532
8008,6.484632096
9461,6.411982938
7275,6.400622215
8712,6.371915457
6493,6.470702009
6428,6.421133899
7126,6.415361642
8665,6.423929715
8897,6.412836445
6485,6.376411309
7861,6.347199275
6615,6.394173613
6015,6.402353798
9029,6.351299213
6721,6.373124141
8660,6.398625192
7152,6.414990879
7153,6.380008317
6939,6.39031106
7512,6.350900277
6147,6.334480842
6547,6.364492314
8806,6.3803464
5746,6.390273197
6842,6.4034722
7443,6.389617642
8476,6.361089245
8038,6.340816818
7142,6.395192412
8955,6.390844617
9091,6.332436301
8656,6.345555949
5740,6.358549676
9051,6.338444117
6566,6.336561608
8356,6.305663536
7847,6.326526021
8491,6.331811018
6841,6.315978478
5626,6.287484441
9523,6.322771584
5843,6.319744772
5402,6.340859194
8619,6.288979061
8664,6.30905546
9437,6.28493315
8024,6.338006428
7192,6.319395861
6752,6.279528561
5771,6.315447314
8571,6.328509536
8883,6.329310054
6758,6.281649851
5441,6.336473205
8299,6.288469257
9295,6.318446405
6746,6.288381813
7546,6.282248922
6793,6.279420268
9013,6.405855747
6449,6.315596384
9707,6.320975608
7018,6.304240293
5660,6.288072645
5407,6.237463466
7678,6.28210124
6843,6.268180114
8613,6.230855829
8963,6.259601034
6401,6.248754267
9584,6.296804089
9623,6.305365729
9179,6.326235472
7298,6.28008479
8692,6.26847127
9661,6.24559248
8728,6.219650942
7646,6.237116281
8324,6.246420712
8835,6.182882872
7683,6.257182174
9284,6.285719353
6245,6.297126568
8116,6.2874112
8022,6.246232033
5389,6.270839566
5887,6.247613765
5957,6.238994821
7089,6.224338459
6809,6.247468558
5721,6.248647349
6269,6.269385367
6004,6.238405365
6937,6.200344869
7882,6.197869115
8279,6.197199574
5708,6.224956772
9513,6.226582875
7521,6.229744238
9668,6.230631912
6688,6.247913399
8609,6.204065783
6716,6.238716672
8144,6.204484535
5767,6.207755606
7441,6.190777486
8666,6.225851791
9115,6.152820927
9700,6.164692472
8840,6.1357885
7811,6.162086887
8538,6.212758277
8014,6.20569657
8192,6.174940474
8877,6.196790246
6111,6.23696124
6737,6.165260201
8722,6.188674628
7265,6.188501081
6017,6.145015359
7585,6.17635526
8799,6.184206787
5459,6.18068032
7691,6.166413288
8421,6.148218331
6348,6.15144295
7920,6.157330242
9197,6.210678756
6226,6.166314288
7101,6.10829802
6942,6.146890264
8301,6.192828242
6866,6.161101467
7923,6.154159926
5766,6.154826964
8010,6.147878386
6727,6.086778338
7279,6.218734484
6472,6.124255358
7401,6.122982887
7925,6.148320392
7465,6.112150611
7430,6.150711268
7426,6.143537768
6878,6.137568457
8484,6.13546098
5804,6.108501074
5573,6.151476133
7954,6.133397034
5942,6.165221214
9564,6.107687574
7537,6.15790522
6844,6.138812731
7123,6.112015779
6505,6.160011644
8918,6.113537321
8540,6.124912748
7255,6.103162333
6368,6.065326697
6744,6.122810949
8011,6.125906763
7445,6.089198984
8902,6.119310794
8458,6.102827266
7217,6.086982717
7134,6.100419505
6285,6.09353968
7578,6.089331262
5555,6.065391404
9429,6.074008438
8440,6.071592225
6395,6.083514807
9558,6.046700338
6550,6.070048568
9522,6.091781676
8741,6.059851491
8049,6.061534264
7382,6.028183239
9769,6.086148669
7503,6.059057487
5518,6.01291246
6034,6.021119173
9543,6.055994199
9275,6.001486433
9592,6.046235548
7000,6.011205269
8577,6.085169459
7606,6.063161612
6072,6.004582382
5703,6.020133874
8851,6.065970007
9324,6.04073316
7257,6.06637731
9620,6.032683753
5421,6.024071328
6344,6.029977126
9350,5.994947282
8791,6.017441197
9103,6.093376498
8862,6.027771925
6413,6.051113499
5967,6.004066512
5927,6.043826353
6537,5.975900621
6362,5.97005601
9514,5.997865223
9283,5.996790566
7502,6.042477519
7434,5.995223049
8830,6.035282824
8390,6.0465603
7780,6.028290499
7928,6.008862958
6350,6.052251032
5834,6.010907705
5611,6.075863639
5528,5.993659023
7114,5.975934811
8282,5.98614596
6686,5.981139007
9212,5.899589208
8689,5.970144893
6375,5.971263258
9511,6.016008078
5853,6.033059803
5848,6.045596887
5782,5.938165697
6207,6.004870387
7288,6.010145668
6584,5.946208213
7480,5.991614386
6559,5.958081447
7817,5.942200045
6580,6.002276025
6172,5.985336465
7680,6.000480359
6123,5.991610637
5754,5.946040508
8470,5.971064894
6141,5.934835771
7190,5.976196083
9734,5.987488282
7472,5.949537606
8332,5.948591851
7677,5.963802347
8747,5.997726758
7019,5.929026882
9059,5.979881796
5416,5.9631779
7361,5.923012951
8763,5.91635502
9215,5.915857309
7363,5.932607372
9230,5.904321708
8887,5.949780751
6116,5.941225304
8817,5.950864523
6943,5.911646729
8601,5.973180817
7241,5.932114371
7612,5.904445576
6969,5.960413162
5719,5.937782906
6074,5.911298694
6051,5.907802956
8937,5.897943776
6140,5.958229387
9159,5.894327337
8126,5.900506265
6564,5.920667833
8094,5.892950658
6648,5.882382888
8448,5.915083461
8622,5.902777034
5491,5.823880118
6463,5.906086103
5681,5.862347402
8953,5.930359459
8427,5.893356435
9107,5.894973789
8892,5.973509789
9168,5.885082047
8115,5.888639701
9550,5.882135236
7271,5.853317152
7795,5.883671599
7220,5.903157624
8284,5.906353845
9631,5.878296331
6411,5.888539388
5964,5.886712518
8489,5.858761635
6345,5.922003621
7488,5.786297993
9501,5.895713015
6598,5.870822623
9609,5.84376793
6567,5.850747563
8993,5.856702023
9656,5.899781751
7832,5.89215519
5742,5.852463644
8106,5.833165989
8416,5.862942789
9252,5.861056092
6837,5.829524786
7157,5.922043902
7569,5.818973618
7338,5.880370644
8075,5.809032208
6736,5.862764557
7992,5.872561846
8927,5.850452421
8758,5.869322945
6450,5.899906964
6452,5.844185111
8736,5.811760308
7707,5.84195838
8698,5.877593881
9517,5.809024981
7981,5.828097023
9650,5.847653204
6062,5.819109591
9117,5.79758414
9218,5.767576758
6483,5.83469594
8162,5.825902491
9538,5.89616968
5384,5.808386413
8949,5.808772768
9362,5.80457908
9655,5.836559055
7907,5.828400676
5990,5.819115988
5768,5.820881053
8374,5.847363271
8352,5.799538651
6921,5.823109497
6233,5.783387181
7517,5.796138506
6067,5.779772756
9756,5.81880526
6907,5.77443642
7177,5.784355479
5463,5.811360869
7455,5.795544228
7069,5.721717045
5635,5.805562964
6959,5.765623568
6542,5.787009699
5836,5.797295183
5724,5.790793136
7681,5.758956373
7991,5.768116415
8599,5.777946493
7108,5.79957048
8076,5.801522609
8700,5.784863896
6402,5.751411699
6083,5.750353341
6181,5.769317548
9276,5.791493728
9667,5.753990632
6539,5.745662847
6678,5.7550119
7627,5.727491417
9066,5.758352986
7583,5.727311008
8994,5.684385266
6205,5.760744353
8375,5.76497919
5822,5.709991357
5488,5.707211602
9387,5.766818497
7825,5.725470788
6064,5.708497961
6164,5.713144017
7986,5.732904241
9599,5.717208589
6275,5.687526154
7654,5.711637373
6694,5.700327296
7080,5.713698815
7871,5.729332422
6027,5.735364986
9482,5.714023177
7264,5.690483655
8109,5.706697332
6764,5.73549944
6247,5.697023693
8302,5.695690466
7834,5.707159958
5480,5.697927253
7621,5.685592442
5554,5.63190391
6184,5.711262649
5785,5.665739211
6148,5.655375161
9530,5.703772208
9754,5.643959904
6572,5.697351573
9753,5.690541816
8468,5.669386218
8905,5.645360933
6031,5.655447471
8636,5.641945329
5947,5.678286227
8461,5.685139893
6617,5.682989901
6778,5.638245161
5557,5.663437906
7857,5.711750076
8406,5.609272255
6901,5.664393295
9390,5.652318908
9333,5.661645118
6340,5.677838087
7996,5.645684999
6415,5.642361551
7159,5.635799349
6471,5.627366354
6581,5.587964043
6070,5.661433885
5983,5.61139115
7761,5.647134229
8333,5.624511267
6776,5.615387477
9716,5.662611448
9467,5.598198098
8985,5.603844902
6192,5.588235284
7141,5.60080841
7261,5.630089869
7702,5.599966544
7779,5.604155759
7862,5.60592164
6333,5.618418262
6851,5.605164658
9770,5.605801053
6419,5.635742306
5560,5.596523482
8628,5.638872907
6529,5.597299694
5495,5.54734256
7276,5.614511788
9577,5.518781886
7093,5.57403704
9359,5.600900336
6387,5.58233842
7432,5.5809197
9080,5.603526603
8520,5.558237238
6056,5.607811828
8205,5.571152966
7698,5.594401679
6437,5.573243686
6789,5.54805737
6359,5.541165285
9039,5.56894729
7850,5.552890053
7170,5.55127509
8206,5.583009019
5450,5.59820035
8478,5.577824202
8187,5.579923975
9192,5.524227191
5664,5.525325079
9450,5.573637746
7582,5.556706794
7840,5.540368036
8122,5.524537875
8224,5.534448156
8270,5.552391269
7875,5.563137049
5591,5.54057507
6914,5.532882186
9120,5.509392542
7600,5.56592346
5634,5.564683872
9633,5.534689231
6609,5.524520786
5799,5.607584747
8876,5.508379766
5498,5.534366019
6877,5.514946687
6669,5.528276554
7168,5.555049303
7124,5.501007336
8898,5.551406153
9286,5.53909417
9407,5.530668264
8327,5.550934925
7565,5.561929633
8354,5.528402595
5537,5.520933316
5825,5.502334281
5819,5.538556236
5578,5.501849018
9044,5.485616258
6219,5.519405288
8973,5.502337002
8670,5.470595136
8329,5.532719214
5597,5.518695049
8821,5.510912578
9014,5.503249628
7520,5.489553826
9094,5.493247584
9222,5.485410359
8071,5.49163556
6683,5.485398095
7079,5.512040842
8951,5.508430254
9554,5.462393251
5485,5.484833008
8023,5.493076265
6524,5.489813194
9062,5.505976192
8249,5.487520311
6853,5.563320801
8066,5.458513773
7225,5.45148915
9502,5.492567079
8411,5.474632375
7801,5.472834191
7831,5.463215488
5910,5.502723585
5621,5.529590556
6966,5.413114244
6305,5.436828181
8197,5.444454233
8721,5.456397462
8308,5.507635254
8170,5.461061824
6257,5.436078615
9706,5.452216225
5432,5.481033397
9549,5.445622235
7186,5.430750908
8148,5.434663515
8968,5.490042748
8935,5.459426502
6041,5.421214029
6206,5.414953921
9189,5.433052181
8714,5.474451573
8317,5.4517138
7877,5.449534216
9726,5.469874236
6358,5.431757816
6398,5.450476814
8823,5.457114575
9374,5.408145575
8878,5.417607299
8945,5.420557431
8154,5.451719025
9561,5.406595942
7021,5.407124142
6525,5.439022997
8886,5.418262902
8418,5.383334724
8451,5.384356776
9629,5.412805245
7905,5.39318087
8581,5.412802693
5802,5.409641857
9383,5.374345372
5764,5.403049381
8393,5.446994406
8675,5.450994959
8129,5.422976845
7744,5.365853531
7725,5.359529837
8519,5.393815901
7989,5.374581791
6020,5.353217958
5668,5.394884003
7174,5.438684772
9587,5.379062273
9764,5.37805412
5893,5.380716363
6052,5.394602251
9149,5.43594341
8368,5.366449938
9544,5.431771588
9052,5.389286301
6270,5.33314707
5584,5.378357168
5585,5.34141875
8315,5.33362836
7703,5.329005826
6955,5.375149667
6461,5.338939346
6314,5.336638168
9643,5.374679807
8266,5.387505471
8530,5.324948369
6025,5.3873658
6920,5.350820646
8453,5.350584975
7833,5.321744218
6154,5.359032039
7675,5.311740444
8112,5.370814429
7852,5.359126415
7661,5.384337284
7563,5.347385729
8697,5.34087541
9147,5.364111829
7917,5.333621672
6338,5.321352753
7972,5.359039914
8407,5.326397631
5987,5.275987439
6638,5.300094376
9137,5.301424819
7705,5.326286747
8849,5.322225645
5870,5.303355755
8715,5.273561043
8551,5.290529518
8251,5.302858772
5984,5.287313069
7211,5.26992507
9401,5.257893773
9349,5.289894672
9547,5.306545068
5653,5.255795217
9139,5.28262634
6755,5.284555069
9570,5.305213803
6352,5.301526458
7474,5.30151121
7721,5.275271642
5661,5.225447768
8059,5.291887716
7274,5.263126194
9141,5.29079366
5736,5.262273022
8166,5.30494909
6150,5.293171034
7260,5.291434633
6859,5.304775691
7296,5.290344813
5789,5.261483038
9273,5.243324541
8185,5.255768584
8442,5.276522199
8616,5.246792165
6991,5.263334199
7888,5.244516258
5981,5.264318965
7164,5.23063126
7932,5.239798322
8346,5.279013449
8928,5.284818356
9640,5.246553072
5612,5.294039849
7478,5.278398071
8760,5.270437944
7676,5.24635931
8488,5.224261933
7897,5.258129288
7001,5.268786372
9721,5.253215107
6879,5.24383517
5925,5.264191624
7994,5.182088187
6511,5.22036699
5644,5.242351266
8455,5.237450881
9306,5.236195607
8466,5.2385934
9392,5.213351679
8159,5.23231768
7689,5.230248548
8486,5.215259515
8244,5.191588464
9012,5.234173533
7285,5.179034828
5961,5.213571696
6912,5.21522579
9309,5.224221375
6650,5.262395763
6724,5.213637353
6629,5.212224555
8231,5.233116255
8274,5.18725388
7722,5.203081176
9241,5.189748801
6385,5.186807705
7969,5.214710205
8972,5.143035414
7641,5.208946513
9119,5.203275642
5892,5.180650149
6812,5.201759156
6569,5.19399475
8388,5.164355083
8509,5.110905707
8500,5.201803619
8739,5.176211546
5726,5.205519072
9596,5.15907161
6241,5.15199508
6066,5.189895176
6443,5.192304958
6549,5.154856855
9393,5.171979515
7402,5.158785647
7673,5.164019978
9470,5.161139475
8383,5.159048563
5835,5.165958737
5640,5.204223805
8142,5.215261467
5911,5.153897786
8292,5.199546374
7590,5.176292866
7240,5.16973007
5779,5.153691784
8089,5.164800314
9415,5.155206383
9405,5.129351324
8726,5.177626364
8651,5.182865118
8536,5.130809301
8801,5.148612163
9689,5.154291442
8422,5.20264842
9134,5.140798053
6279,5.158551139
7310,5.197064212
8119,5.173538127
6649,5.148675901
9473,5.151759118
7714,5.114219141
8241,5.134656855
9130,5.122611212
7354,5.135970499
5505,5.170457505
8752,5.145013968
8813,5.157233571
6761,5.107450275
9307,5.089831947
7429,5.087512215
6810,5.093306475
6424,5.156334634
8595,5.10032074
9287,5.12900264
7425,5.110875602
6286,5.109466721
7127,5.103871107
7376,5.13371461
6178,5.072102814
8525,5.117939225
9343,5.103235652
5749,5.08916479
8135,5.127048337
8986,5.111241044
7461,5.090107952
7165,5.091473559
7246,5.076062698
8676,5.080299433
8138,5.123373883
9305,5.102438142
7250,5.112555964
5642,5.128318098
7317,5.111352223
9001,5.107013059
9475,5.093563558
7827,5.059973076
6895,5.070184285
7118,5.071233666
7378,5.054219394
6742,5.100012722
8209,5.064023065
6203,5.06869117
7328,5.071136551
9518,5.096269477
7467,5.073270247
5792,5.059871258
5428,5.061622963
9056,5.039568903
6717,5.074893435
9471,5.063477672
7697,5.158331918
9365,5.078062367
6156,5.083023474
7321,5.094908106
9271,5.09363738
7664,5.036226057
7694,5.062478844
5997,5.041390575
6313,5.087332701
8163,5.018086963
9608,5.063733362
7638,5.081804745
9233,5.041022076
7341,5.04424992
6659,5.045043871
7748,5.056898495
6712,5.03536816
6202,5.015167273
9380,5.028852362
8742,5.033537629
6576,5.046575742
6011,5.036074533
8399,5.016944763
7718,5.040520466
8995,5.061037362
8553,5.015221358
8436,5.01742839
7792,5.032277279
8641,4.992839129
7135,5.028150562
7143,5.015451681
5765,5.018761574
9698,5.002345957
6432,5.027963931
5385,5.002188652
6628,5.009426639
7936,5.03551016
6071,4.995004001
7636,5.020454298
7427,5.010375415
5941,4.979870059
8794,5.001045094
8181,4.995452687
9709,5.00459802
7312,5.06688837
8869,5.017878063
8745,4.989518684
6484,5.026960426
7838,5.02824388
6069,4.959050364
6145,4.994000246
7202,5.011732227
6356,5.030795873
6892,5.024578556
6979,4.989055838
6296,5.011154764
8481,5.008415656
5577,4.977233789
9483,5.028271351
7440,4.977489545
5546,4.987707983
9068,4.978814658
7087,4.975939296
8480,4.971702129
9727,4.978570192
8812,5.01610955
9603,5.000522563
5780,4.992291577
5753,4.940795551
8237,4.981102175
5890,4.895709583
7975,4.988904525
6191,4.96898263
5995,4.881421943
6945,4.963076492
7228,4.978220079
5801,4.947629166
8218,4.992398625
5627,4.916765579
9081,4.941327247
8597,4.975937177
6941,4.941027831
9346,4.931051111
6605,4.940754622
7647,4.982203281
6369,4.964917658
5568,4.97853178
8063,4.986231611
7616,4.970116799
7712,4.92609822
6365,4.939716692
6873,4.924199871
5523,4.925702061
8102,4.920547822
6868,4.937268135
7009,4.934034211
7450,4.968390062
9098,4.960534487
8305,4.923083114
7506,4.938857369
5602,4.91686628
8754,4.899319679
7453,4.943311581
8952,4.957353719
8445,4.92270226
5411,4.91502264
5658,4.92801295
6886,4.928502981
7807,4.929429224
6370,4.886835261
8064,4.902655396
6929,4.925742662
6570,4.941299909
5758,4.928596037
8222,4.895827792
8565,4.894251216
7908,4.954679785
8068,4.892357975
9532,4.929056328
7655,4.909902079
7945,4.900001772
9519,4.922258985
7507,4.935429256
7077,4.92260279
7343,4.857575729
5550,4.904859911
9412,4.885736249
7485,4.889729893
9441,4.939216662
6002,4.904958779
6265,4.919968678
5935,4.910431658
7145,4.868046412
9460,4.872543809
8072,4.877052413
5444,4.911484483
5875,4.829944694
8690,4.895426846
7311,4.899156589
9551,4.870427066
7347,4.879342146
9053,4.882483654
6319,4.861631192
9386,4.856508238
9658,4.849352694
8880,4.904429325
9447,4.842154809
9731,4.894399496
9602,4.904458925
8875,4.885628174
9572,4.846667682
9216,4.892958625
9279,4.833440094
9490,4.849714081
6624,4.854587116
6777,4.885230359
6194,4.82589299
5781,4.839220992
6475,4.825577643
6372,4.838551467
7050,4.784311417
6641,4.796962756
7154,4.842877156
8976,4.832361375
6723,4.832837726
6606,4.778861425
6619,4.813539559
6211,4.828122386
7005,4.792315004
6497,4.820241142
8359,4.84501585
7699,4.76814819
5707,4.813067515
6533,4.842465067
7513,4.81762364
5509,4.820081742
6706,4.804923777
5888,4.839899609
9520,4.800836143
7984,4.793244133
9308,4.780345469
6783,4.831557597
8054,4.789472345
8584,4.772012864
6933,4.824282434
9424,4.781487481
8580,4.811724091
9557,4.790387732
6538,4.76952989
8339,4.791541515
9740,4.780838568
7226,4.775111289
7837,4.811498533
9322,4.825871267
6960,4.792426037
9398,4.761993297
5897,4.752750591
8240,4.746988372
6121,4.800310281
6902,4.796986437
7278,4.789812342
7764,4.738311921
6271,4.742101556
7342,4.791181289
8463,4.78363934
9003,4.791346322
6182,4.773595655
5905,4.802072296
6330,4.781014876
8223,4.773220532
8872,4.750382672
9695,4.768822216
7102,4.777215039
7196,4.744591998
5520,4.742471073
6392,4.753717598
6321,4.739266053
9534,4.763128503
6786,4.739539345
6831,4.760652746
9232,4.737928639
5492,4.690413818
7490,4.730513805
9435,4.732515783
8385,4.737240946
7541,4.727711937
5937,4.695698294
6163,4.759990969
6114,4.724910833
5996,4.760245546
6393,4.700344458
5865,4.676022435
6481,4.756633059
5514,4.693496883
9018,4.747685738
5732,4.713162384
9281,4.726882016
5860,4.735196633
6735,4.701879321
9249,4.710568906
5838,4.723986143
8143,4.705799848
8936,4.748902799
6423,4.736783486
5534,4.736153247
9229,4.704117676
8438,4.737002201
7448,4.704142175
7898,4.705030134
9058,4.712386102
6214,4.735814905
7620,4.722201996
7325,4.711565913
7442,4.720660126
6357,4.732444921
7948,4.691150623
9079,4.682915573
6495,4.705032405
5532,4.721678599
8083,4.683000493
8389,4.704431221
6865,4.701391097
9641,4.683502519
8683,4.727184501
8681,4.666036507
5563,4.649136406
9228,4.71763291
6180,4.697087624
5636,4.684822575
7885,4.657258465
5691,4.741255819
8434,4.702838062
6802,4.675007341
8203,4.649946897
7273,4.69467755
5908,4.697163815
7551,4.674822919
6047,4.710865549
7983,4.658603063
6304,4.657714632
7529,4.654129076
6970,4.678852492
7935,4.657485588
8483,4.6572313
8175,4.671751108
5474,4.678977415
7344,4.678803566
8247,4.616179899
8694,4.643731294
6666,4.644447953
5959,4.664536315
7597,4.662450391
7016,4.641957536
6061,4.659944861
7728,4.667883678
6804,4.634116794
9451,4.651498605
6757,4.654757496
7011,4.649068146
6001,4.63527596
8966,4.618457077
9413,4.648620572
9244,4.617227685
9618,4.6350584
8796,4.62042263
6693,4.65674279
5991,4.615619764
9652,4.643146731
7362,4.649268608
7244,4.665822584
5989,4.595322292
5971,4.646104001
9510,4.673799522
8618,4.61999102
5669,4.629256143
8556,4.609952643
8916,4.585845267
8748,4.621585753
8123,4.618442922
7657,4.653939907
7685,4.60170711
8713,4.596306195
6287,4.595737324
6522,4.613317519
6480,4.594455587
9582,4.612616599
8060,4.610971437
7219,4.635382897
9347,4.601335487
8446,4.593444914
6478,4.602084687
7249,4.611712291
6861,4.63494122
8337,4.637811459
6530,4.611240004
5572,4.599665278
9266,4.59424538
8652,4.614032353
8615,4.608856741
8454,4.626610326
7538,4.577853895
7522,4.598348472
7668,4.615395426
7607,4.572229731
7191,4.572279205
8635,4.625333837
5744,4.596743611
8361,4.553720637
5451,4.571584357
7567,4.596629687
5622,4.566692455
8323,4.591968471
5769,4.58374807
5704,4.579293181
9264,4.562515902
6827,4.580195415
9500,4.559464389
7880,4.541503506
9135,4.580998671
9164,4.548837411
6378,4.550095515
9381,4.552331843
7309,4.546357202
8943,4.533912912
8101,4.528512847
6477,4.565218473
9673,4.52095079
6059,4.552748632
7545,4.504312642
8874,4.564424922
8439,4.504577301
8589,4.496225143
7416,4.540726456
6466,4.553495162
9406,4.56176748
7971,4.55173987
7963,4.509744998
8047,4.516921461
5683,4.531807758
7094,4.562914361
9546,4.503975536
8348,4.520932813
5594,4.537062249
5778,4.523027271
7431,4.561982902
7428,4.513124007
6996,4.49379935
8394,4.509075532
8093,4.533505622
7351,4.488098362
8850,4.510658408
7486,4.500170629
8598,4.524921973
6989,4.492655512
8655,4.527145282
7599,4.476811837
7663,4.515279621
6916,4.519203936
9143,4.513212853
8978,4.50550089
7215,4.491823397
8785,4.471872754
7038,4.512182057
6858,4.490817722
6406,4.51288491
6988,4.517463187
5891,4.504141926
9569,4.518043977
6631,4.518725992
9209,4.491349382
9154,4.450890131
8527,4.486864362
8110,4.467966211
6049,4.526757
9720,4.49088516
8964,4.464410928
9186,4.498012117
9330,4.488821512
6090,4.460768638
6103,4.479189914
6938,4.477677539
8278,4.47876086
5506,4.497422843
6273,4.47406246
6509,4.467639817
5678,4.476324747
8767,4.464810645
6124,4.459508112
6101,4.470048929
8843,4.461119755
6048,4.449475179
9260,4.455469018
8447,4.470063177
7530,4.464875856
9636,4.443365112
6221,4.461847361
6548,4.480472261
7961,4.48411247
5827,4.470205591
9125,4.474812536
8526,4.458293775
9263,4.469339192
6196,4.442499484
9075,4.438917752
8529,4.468759184
6053,4.478677338
8342,4.488674465
8360,4.480325371
5430,4.466764784
6953,4.477944039
8912,4.457102602
6457,4.459105985
8281,4.433250726
7393,4.426086004
8846,4.440637129
7648,4.449520781
5948,4.466284723
6404,4.407138571
6189,4.424754407
7528,4.44078773
8172,4.448948051
8974,4.386578273
9616,4.423975356
5630,4.429099504
5522,4.438193944
8210,4.416164942
6643,4.418211783
7028,4.413336216
6546,4.44484655
7828,4.456410872
5641,4.463407755
6967,4.421804542
9525,4.433118645
7738,4.462445194
7785,4.399797423
8637,4.430694776
8784,4.395670291
8661,4.441291035
9234,4.403367212
5710,4.436044168
8524,4.386433819
6906,4.388867273
5777,4.383788576
7602,4.387296323
8355,4.416908196
9021,4.393382525
6571,4.384500812
5733,4.414723408
7411,4.421350431
9777,4.36587359
7491,4.406700188
6234,4.362039025
6146,4.416858866
8620,4.376094593
9185,4.39805446
6218,4.417082013
6891,4.382422607
5662,4.36019415
5855,4.411633809
5760,4.375447984
8764,4.392764267
5690,4.381396967
8771,4.378505756
5412,4.343947612
5538,4.361554887
7041,4.385192441
7054,4.345908095
7793,4.358421982
5696,4.355227084
8915,4.385559811
9458,4.385022528
8208,4.351208883
9087,4.347727854
7767,4.347487914
6759,4.320213678
5757,4.33595715
9169,4.34392022
9017,4.309293389
6813,4.369159163
6361,4.372932892
9540,4.357441176
8028,4.351446209
7631,4.343240949
9614,4.359587425
7061,4.285088747
8464,4.371097688
8025,4.33199838
8803,4.31759578
8482,4.333265356
7388,4.340092793
9719,4.328376595
6089,4.3142286
8889,4.338491096
6705,4.335750748
9180,4.328335348
9172,4.301960418
8563,4.312652705
7335,4.339792517
9701,4.292766713
7272,4.338658982
8469,4.337771732
8061,4.312625122
9016,4.336754952
6975,4.292154685
7855,4.340210519
8606,4.278490639
8198,4.30118834
7894,4.31053664
8640,4.297786312
8275,4.298658589
5946,4.304806472
9444,4.305460291
8825,4.296470105
7782,4.28906559
5615,4.297457679
5439,4.315047798
9507,4.283970896
6268,4.311554334
6630,4.317498751
6814,4.28023303
9610,4.308355444
6236,4.313729177
8300,4.28096792
5854,4.295202832
7073,4.314501811
6453,4.308367554
9670,4.306670596
7258,4.322840791
8366,4.348545628
9064,4.287756622
9453,4.290744688
9567,4.295338457
9487,4.286692603
5487,4.297074895
5914,4.288559599
8139,4.31391758
6854,4.283913476
7281,4.272571123
5422,4.274781758
7964,4.308150946
9611,4.268152772
9730,4.257516607
7995,4.289178014
8408,4.24568332
7420,4.278392156
8782,4.256911428
7539,4.276601694
7863,4.271091006
6229,4.285653639
5393,4.276824748
8998,4.275389415
6259,4.295259273
7552,4.261555276
9648,4.233036611
6708,4.249968849
6665,4.265160551
7977,4.263473319
9625,4.261089631
9057,4.251317653
9372,4.283664089
9076,4.262679422
7292,4.270724659
8658,4.272231429
6553,4.23967437
5915,4.238602808
8312,4.249479077
7320,4.273574039
8357,4.266001108
9297,4.237892827
9277,4.270636076
9173,4.23213234
6829,4.257001266
9123,4.251724768
9772,4.254435099
6197,4.247600156
8562,4.233865912
6264,4.246961669
5388,4.2237851
5982,4.260118646
6610,4.232236614
5504,4.210843803
8311,4.23919938
9200,4.238576691
7743,4.239232872
7391,4.239933216
6029,4.230404985
9360,4.26474368
7122,4.218195218
8396,4.243344442
8037,4.219373356
8569,4.232021
7463,4.257689203
7181,4.228146051
7395,4.230317793
6963,4.243213752
9742,4.1897136
8933,4.212366339
5545,4.224172735
9552,4.192326245
8401,4.211544761
7284,4.228821964
6081,4.196812384
6474,4.18061901
6199,4.169368978
7210,4.161829212
5815,4.176410598
8625,4.180550312
7826,4.185371386
5928,4.204417025
7262,4.173170106
5755,4.157360813
8245,4.193780983
6905,4.148397323
7436,4.199773029
8770,4.176134648
8508,4.148148163
7231,4.152079339
7176,4.162487475
6908,4.163493229
6925,4.188118276
6222,4.142353076
5561,4.154440604
9496,4.146835731
6799,4.202747528
5876,4.161668014
7111,4.178015105
5579,4.159441871
9049,4.142163098
9213,4.173447094
7566,4.154452079
5382,4.125865031
7844,4.150105752
9270,4.123491221
9069,4.162148146
7533,4.115769412
5496,4.135504956
8487,4.145159231
8867,4.10449256
5409,4.120324854
8344,4.130800448
8917,4.115425686
6224,4.118734538
9718,4.1242855
7628,4.108344599
8001,4.133702381
6482,4.146323349
7750,4.115531351
7447,4.101038156
6307,4.134547819
6220,4.153322733
9622,4.127400999
9778,4.119393555
8349,4.123731502
6719,4.103509429
8225,4.129161353
5932,4.111274347
9205,4.103163072
8268,4.130215172
7556,4.119133267
6054,4.102987286
7160,4.112906335
6995,4.111365136
7998,4.09064047
8412,4.112266294
6096,4.103357681
7086,4.10065986
8787,4.102473544
6168,4.107322594
7754,4.107652586
5436,4.13040485
6816,4.11515542
9358,4.092232105
5628,4.098054798
6342,4.066293634
5391,4.104076078
9077,4.118330914
9144,4.110412939
8380,4.082435003
5907,4.094309845
9684,4.112999726
9693,4.099645125
6312,4.108312493
7886,4.056529523
5410,4.093428119
8944,4.074709263
6447,4.061189211
8802,4.088051267
7421,4.087260139
6266,4.072897337
8021,4.102836417
8128,4.094619977
7618,4.106177007
7594,4.058029961
9007,4.061754396
8564,4.091111225
7652,4.048334681
6674,4.095379391
7495,4.066418344
8873,4.074858735
5837,4.059460026
5687,4.062198863
5924,4.056056331
5988,4.03385413
8759,4.033755462
6592,4.095186024
9148,4.026600116
6880,4.062784372
9456,4.028971723
9560,4.071239244
8518,4.06567523
9498,4.05062728
9708,4.079090464
5586,4.019670717
8735,4.057982442
8413,4.08314154
6278,4.063780209
5913,4.071790672
9291,4.05569591
7409,4.023186142
8884,4.030065951
9005,4.044883778
5581,4.037406571
7755,4.05662864
8981,4.062307678
6341,4.051259471
9214,4.03575955
6119,4.045365907
9292,4.06290234
6563,4.045809333
7090,4.052823784
6928,4.018989724
7866,4.036732072
8702,4.063391003
9071,4.038390126
8320,4.013012683
9649,4.024486913
8634,4.068250622
8091,4.016324656
6654,4.043142508
6588,4.02883049
8532,4.027524107
7561,3.97859377
5654,4.029207577
8207,4.016407858
8923,4.038447347
8015,4.005389301
9153,4.025091194
8371,3.996214392
7169,3.964244244
9476,3.985201822
7965,3.987952864
7860,3.990303207
9714,3.989663803
7269,3.98764761
8555,3.994610045
8895,4.020878259
9395,3.989322082
9231,4.016327068
6932,3.978401438
6720,4.025125334
7466,4.000978876
6157,4.008770827
7136,4.004462255
6695,4.010439633
5392,4.000365724
5916,4.010137956
5460,4.000344193
7797,3.997642342
8086,3.985772767
9166,4.018894859
5858,3.98330569
5490,3.990197242
6899,3.961107361
8475,3.976668351
8042,4.01763768
7286,3.935037976
9327,3.945793543
8174,3.980368263
8762,3.986214671
8908,3.976472808
7070,3.968067977
8358,3.94339847
7930,3.984395568
8662,3.948490358
5761,3.976542016
5609,3.985774435
8012,3.969939776
8969,3.960817306
8395,3.930269057
9563,3.943786808
8441,3.955920107
9750,3.917490256
7115,3.934692517
5619,3.957317287
8550,3.937809138
6728,3.94247934
9735,3.958584397
6613,3.915155585
7075,3.911668803
9685,3.911029464
7803,3.943662987
7247,3.931098246
6832,3.921436604
7464,3.943677593
9318,3.934833062
7967,3.924251796
7180,3.940893742
8151,3.949466143
7476,3.886698903
6327,3.94781752
7433,3.927611046
6961,3.912921837
7858,3.92477385
8108,3.910571019
9038,3.938937372
5968,3.881010483
9663,3.910263224
7802,3.893262192
9181,3.930006087
9773,3.901327812
5415,3.929374575
8610,3.924044057
8861,3.913406582
7720,3.908376261
9344,3.892024249
9177,3.902777345
6896,3.900331667
7933,3.865491928
7446,3.884201421
6014,3.893762459
5408,3.868298165
7679,3.864232026
9124,3.890793576
8954,3.884084154
5943,3.893818831
6498,3.881696022
8611,3.88116882
7571,3.907560023
8617,3.876158767
6460,3.882216951
8382,3.882956738
6185,3.898868902
6016,3.854876211
7716,3.855103614
6607,3.833708428
6787,3.864506375
7558,3.833603863
8980,3.884044272
6400,3.858134908
8420,3.861307608
9697,3.872476284
9073,3.869393548
8733,3.883616453
7392,3.860239732
9258,3.864625792
8403,3.858276894
9028,3.86391803
7762,3.823119244
6817,3.865143832
9373,3.858536804
7131,3.853106858
8719,3.853847924
5613,3.833373797
6195,3.888163412
6621,3.840464693
6082,3.841476371
9024,3.836744756
8465,3.845362374
5921,3.833799344
7643,3.838248375
8871,3.831403795
6978,3.822311477
9048,3.848381407
5527,3.820175303
7662,3.830718011
8547,3.807620453
8938,3.844380509
9163,3.844913355
7039,3.839793201
8881,3.815296653
7052,3.811241471
7596,3.829909819
6848,3.802231803
5553,3.829939346
8596,3.820183529
5951,3.841413801
9394,3.788461121
5442,3.814155578
6297,3.813944118
9665,3.837539448
7099,3.83982025
8003,3.831351869
7319,3.822389456
8627,3.849268624
9576,3.8302095
6715,3.779119042
8373,3.827341772
5507,3.824647886
5397,3.808088842
5479,3.816091043
6289,3.802212866
8134,3.831057791
8701,3.823614259
7733,3.814175985
5791,3.791396547
6601,3.800492211
7150,3.810699904
5723,3.82776399
6725,3.802294135
9239,3.783970287
7422,3.797760068
6467,3.773523353
7879,3.794180029
8537,3.794886453
9302,3.743465813
5672,3.781025374
5673,3.781991429
8307,3.797046578
5633,3.770529572
6523,3.748738127
7865,3.749254233
9581,3.773805545
7173,3.763493515
7020,3.785133741
5693,3.749542903
9469,3.791445977
5671,3.759626794
7745,3.759171588
7230,3.769820258
6501,3.757958696
8710,3.78047129
5752,3.761199765
7234,3.765329277
6479,3.762519954
5483,3.733534931
6636,3.720141347
7976,3.755478731
5665,3.760966339
7294,3.777628499
7724,3.767535191
7921,3.75326223
9488,3.75887392
8318,3.738368108
6573,3.746640534
7359,3.752383951
7047,3.725585024
9341,3.718346999
8190,3.741170687
7949,3.695459681
9339,3.732275976
5449,3.744340343
8289,3.712847999
8032,3.735608012
7204,3.7232328
9256,3.743404283
6023,3.721904819
7330,3.732639112
8515,3.73592642
7100,3.677123853
6748,3.722352266
9446,3.711378034
6490,3.720375904
9637,3.707766438
7046,3.710681709
8859,3.684329832
6821,3.706404515
9267,3.729514171
8140,3.683246599
6377,3.692795676
5447,3.722055858
9385,3.672343753
8077,3.687011171
7739,3.688493719
6439,3.673830137
5542,3.697308234
9150,3.66894443
9157,3.64482361
6276,3.701629672
5452,1
5469,1
5471,1
5503,1
5540,1
5569,1
5570,1
5596,1
5606,1
5655,1
5659,1
5666,1
5702,1
5715,1
5730,1
5734,1
5759,1
5828,1
5877,1
5933,1
5955,1
6055,1
6063,1
6077,1
6110,1
6132,1
6137,1
6179,1
6277,1
6282,1
6291,1
6292,1
6336,1
6468,1
6487,1
6540,1
6642,1
6690,1
6713,1
6714,1
6797,1
6808,1
6820,1
6857,1
6890,1
6917,1
6934,1
6962,1
6965,1
6998,1
7002,1
7022,1
7025,1
7034,1
7058,1
7066,1
7103,1
7133,1
7140,1
7172,1
7183,1
7193,1
7223,1
7229,1
7289,1
7293,1
7313,1
7345,1
7396,1
7414,1
7492,1
7496,1
7570,1
7593,1
7595,1
7598,1
7619,1
7682,1
7715,1
7776,1
7806,1
7814,1
7820,1
7839,1
7919,1
7960,1
7997,1
8043,1
8053,1
8105,1
8117,1
8131,1
8141,1
8165,1
8226,1
8252,1
8330,1
8338,1
8428,1
8432,1
8433,1
8471,1
8499,1
8558,1
8590,1
8604,1
8653,1
8659,1
8682,1
8717,1
8774,1
8790,1
8798,1
8816,1
8847,1
8921,1
8967,1
8999,1
9034,1
9238,1
9311,1
9326,1
9328,1
9338,1
9367,1
9425,1
9484,1
9499,1
9548,1
9606,1
9630,1
9676,1
9692,1